[{"Name":"Berislav","Gender":0,"Origin":"Slavensko"},{"Name":"Berivoj","Gender":0,"Origin":"Slavensko"},{"Name":"Blago","Gender":0,"Origin":"Slavensko"},{"Name":"Bogdan","Gender":0,"Origin":"Slavensko"},{"Name":"Bogumil","Gender":0,"Origin":"Slavensko"},{"Name":"Bogoljub","Gender":0,"Origin":"Slavensko"},{"Name":"Bogomil","Gender":0,"Origin":"Slavensko"},{"Name":"Boris","Gender":0,"Origin":"Slavensko"},{"Name":"Borislav","Gender":0,"Origin":"Slavensko"},{"Name":"Borna","Gender":0,"Origin":"Slavensko"},{"Name":"Božetjeh","Gender":0,"Origin":"Slavensko"},{"Name":"Božidar","Gender":0,"Origin":"Slavensko"},{"Name":"Božo","Gender":0,"Origin":"Slavensko"},{"Name":"Bratislav","Gender":0,"Origin":"Slavensko"},{"Name":"Budimir","Gender":0,"Origin":"Slavensko"},{"Name":"Branimir","Gender":0,"Origin":"Slavensko"},{"Name":"Brajko","Gender":0,"Origin":"Slavensko"},{"Name":"Branko","Gender":0,"Origin":"Slavensko"},{"Name":"Braslav","Gender":0,"Origin":"Slavensko"},{"Name":"Bratoljub","Gender":0,"Origin":"Slavensko"},{"Name":"Cvitko","Gender":0,"Origin":"Slavensko"},{"Name":"Cvjetko","Gender":0,"Origin":"Slavensko"},{"Name":"Časlav","Gender":0,"Origin":"Slavensko"},{"Name":"Častimir","Gender":0,"Origin":"Slavensko"},{"Name":"Dalibor","Gender":0,"Origin":"Slavensko"},{"Name":"Damir","Gender":0,"Origin":"Slavensko"},{"Name":"Darko","Gender":0,"Origin":"Slavensko"},{"Name":"Davor","Gender":0,"Origin":"Slavensko"},{"Name":"Davorin","Gender":0,"Origin":"Slavensko"},{"Name":"Davorko","Gender":0,"Origin":"Slavensko"},{"Name":"Desimir","Gender":0,"Origin":"Slavensko"},{"Name":"Dobroslav","Gender":0,"Origin":"Slavensko"},{"Name":"Dobrovit","Gender":0,"Origin":"Slavensko"},{"Name":"Domagoj","Gender":0,"Origin":"Slavensko"},{"Name":"Dragan","Gender":0,"Origin":"Slavensko"},{"Name":"Drago","Gender":0,"Origin":"Slavensko"},{"Name":"Dragoslav","Gender":0,"Origin":"Slavensko"},{"Name":"Dragutin","Gender":0,"Origin":"Slavensko"},{"Name":"Dražan","Gender":0,"Origin":"Slavensko"},{"Name":"Draženko","Gender":0,"Origin":"Slavensko"},{"Name":"Držiha","Gender":0,"Origin":"Slavensko"},{"Name":"Držislav","Gender":0,"Origin":"Slavensko"},{"Name":"Godemir","Gender":0,"Origin":"Slavensko"},{"Name":"Gojko","Gender":0,"Origin":"Slavensko"},{"Name":"Gojislav","Gender":0,"Origin":"Slavensko"},{"Name":"Gojslav","Gender":0,"Origin":"Slavensko"},{"Name":"Goran","Gender":0,"Origin":"Slavensko"},{"Name":"Grubiša","Gender":0,"Origin":"Slavensko"},{"Name":"Hrvatin","Gender":0,"Origin":"Slavensko"},{"Name":"Hrvoj","Gender":0,"Origin":"Slavensko"},{"Name":"Hrvoje","Gender":0,"Origin":"Slavensko"},{"Name":"Hrvoslav","Gender":0,"Origin":"Slavensko"},{"Name":"Kazimir","Gender":0,"Origin":"Slavensko"},{"Name":"Kažimir","Gender":0,"Origin":"Slavensko"},{"Name":"Jasenko","Gender":0,"Origin":"Slavensko"},{"Name":"Klonimir","Gender":0,"Origin":"Slavensko"},{"Name":"Krešimir","Gender":0,"Origin":"Slavensko"},{"Name":"Krešo","Gender":0,"Origin":"Slavensko"},{"Name":"Krševan","Gender":0,"Origin":"Slavensko"},{"Name":"Lavoslav","Gender":0,"Origin":"Slavensko"},{"Name":"Ljubomir","Gender":0,"Origin":"Slavensko"},{"Name":"Ljudevit","Gender":0,"Origin":"Slavensko"},{"Name":"Milan","Gender":0,"Origin":"Slavensko"},{"Name":"Mile","Gender":0,"Origin":"Slavensko"},{"Name":"Milivoj","Gender":0,"Origin":"Slavensko"},{"Name":"Milovan","Gender":0,"Origin":"Slavensko"},{"Name":"Miljenko","Gender":0,"Origin":"Slavensko"},{"Name":"Mirko","Gender":0,"Origin":"Slavensko"},{"Name":"Miro","Gender":0,"Origin":"Slavensko"},{"Name":"Miroslav","Gender":0,"Origin":"Slavensko"},{"Name":"Miroš","Gender":0,"Origin":"Slavensko"},{"Name":"Mislav","Gender":0,"Origin":"Slavensko"},{"Name":"Mladen","Gender":0,"Origin":"Slavensko"},{"Name":"Mojmir","Gender":0,"Origin":"Slavensko"},{"Name":"Mutimir","Gender":0,"Origin":"Slavensko"},{"Name":"Nediljko","Gender":0,"Origin":"Slavensko"},{"Name":"Nedjeljko","Gender":0,"Origin":"Slavensko"},{"Name":"Nenad","Gender":0,"Origin":"Slavensko"},{"Name":"Neven","Gender":0,"Origin":"Slavensko"},{"Name":"Njegomir","Gender":0,"Origin":"Slavensko"},{"Name":"Njegovan","Gender":0,"Origin":"Slavensko"},{"Name":"Ognjen","Gender":0,"Origin":"Slavensko"},{"Name":"Ostoja","Gender":0,"Origin":"Slavensko"},{"Name":"Ozren","Gender":0,"Origin":"Slavensko"},{"Name":"Predrag","Gender":0,"Origin":"Slavensko"},{"Name":"Pribislav","Gender":0,"Origin":"Slavensko"},{"Name":"Prvan","Gender":0,"Origin":"Slavensko"},{"Name":"Prvoslav","Gender":0,"Origin":"Slavensko"},{"Name":"Prvoš","Gender":0,"Origin":"Slavensko"},{"Name":"Radimir","Gender":0,"Origin":"Slavensko"},{"Name":"Radomir","Gender":0,"Origin":"Slavensko"},{"Name":"Radoš","Gender":0,"Origin":"Slavensko"},{"Name":"Rajko","Gender":0,"Origin":"Slavensko"},{"Name":"Ranko","Gender":0,"Origin":"Slavensko"},{"Name":"Ratimir","Gender":0,"Origin":"Slavensko"},{"Name":"Ratko","Gender":0,"Origin":"Slavensko"},{"Name":"Rato","Gender":0,"Origin":"Slavensko"},{"Name":"Radovan","Gender":0,"Origin":"Slavensko"},{"Name":"Radoslav","Gender":0,"Origin":"Slavensko"},{"Name":"Siniša","Gender":0,"Origin":"Slavensko"},{"Name":"Slaven","Gender":0,"Origin":"Slavensko"},{"Name":"Slaviša","Gender":0,"Origin":"Slavensko"},{"Name":"Slavoljub","Gender":0,"Origin":"Slavensko"},{"Name":"Snješko","Gender":0,"Origin":"Slavensko"},{"Name":"Slavomir","Gender":0,"Origin":"Slavensko"},{"Name":"Smiljan","Gender":0,"Origin":"Slavensko"},{"Name":"Spomenko","Gender":0,"Origin":"Slavensko"},{"Name":"Srebrenko","Gender":0,"Origin":"Slavensko"},{"Name":"Srećko","Gender":0,"Origin":"Slavensko"},{"Name":"Stanislav","Gender":0,"Origin":"Slavensko"},{"Name":"Stanko","Gender":0,"Origin":"Slavensko"},{"Name":"Strahimir","Gender":0,"Origin":"Slavensko"},{"Name":"Svetoslav","Gender":0,"Origin":"Slavensko"},{"Name":"Tihomil","Gender":0,"Origin":"Slavensko"},{"Name":"Tihomir","Gender":0,"Origin":"Slavensko"},{"Name":"Tješimir","Gender":0,"Origin":"Slavensko"},{"Name":"Tomislav","Gender":0,"Origin":"Slavensko"},{"Name":"Tomo","Gender":0,"Origin":"Slavensko"},{"Name":"Tugomir","Gender":0,"Origin":"Slavensko"},{"Name":"Tvrtko","Gender":0,"Origin":"Slavensko"},{"Name":"Trpimir","Gender":0,"Origin":"Slavensko"},{"Name":"Vatroslav","Gender":0,"Origin":"Slavensko"},{"Name":"Većeslav","Gender":0,"Origin":"Slavensko"},{"Name":"Vedran","Gender":0,"Origin":"Slavensko"},{"Name":"Velimir","Gender":0,"Origin":"Slavensko"},{"Name":"Veselko","Gender":0,"Origin":"Slavensko"},{"Name":"Vidoslav","Gender":0,"Origin":"Slavensko"},{"Name":"Vjekoslav","Gender":0,"Origin":"Slavensko"},{"Name":"Vjenceslav","Gender":0,"Origin":"Slavensko"},{"Name":"Višeslav","Gender":0,"Origin":"Slavensko"},{"Name":"Vitomir","Gender":0,"Origin":"Slavensko"},{"Name":"Vjeran","Gender":0,"Origin":"Slavensko"},{"Name":"Vladimir","Gender":0,"Origin":"Slavensko"},{"Name":"Vlado","Gender":0,"Origin":"Slavensko"},{"Name":"Vlatko","Gender":0,"Origin":"Slavensko"},{"Name":"Vojmil","Gender":0,"Origin":"Slavensko"},{"Name":"Vojmir","Gender":0,"Origin":"Slavensko"},{"Name":"Vojnomir","Gender":0,"Origin":"Slavensko"},{"Name":"Vuk","Gender":0,"Origin":"Slavensko"},{"Name":"Zdenko","Gender":0,"Origin":"Slavensko"},{"Name":"Zdeslav","Gender":0,"Origin":"Slavensko"},{"Name":"Zdravko","Gender":0,"Origin":"Slavensko"},{"Name":"Zorislav","Gender":0,"Origin":"Slavensko"},{"Name":"Zoran","Gender":0,"Origin":"Slavensko"},{"Name":"Zrinko","Gender":0,"Origin":"Slavensko"},{"Name":"Zrinoslav","Gender":0,"Origin":"Slavensko"},{"Name":"Zlatko","Gender":0,"Origin":"Slavensko"},{"Name":"Zvonimir","Gender":0,"Origin":"Slavensko"},{"Name":"Zvonko","Gender":0,"Origin":"Slavensko"},{"Name":"Želimir","Gender":0,"Origin":"Slavensko"},{"Name":"Željko","Gender":0,"Origin":"Slavensko"},{"Name":"Živko","Gender":0,"Origin":"Slavensko"},{"Name":"Berislava","Gender":1,"Origin":"Slavensko"},{"Name":"Biserka","Gender":1,"Origin":"Slavensko"},{"Name":"Blaga","Gender":1,"Origin":"Slavensko"},{"Name":"Blagica","Gender":1,"Origin":"Slavensko"},{"Name":"Blaženka","Gender":1,"Origin":"Slavensko"},{"Name":"Bogdana","Gender":1,"Origin":"Slavensko"},{"Name":"Bogomila","Gender":1,"Origin":"Slavensko"},{"Name":"Bogumila","Gender":1,"Origin":"Slavensko"},{"Name":"Borka","Gender":1,"Origin":"Slavensko"},{"Name":"Borislava","Gender":1,"Origin":"Slavensko"},{"Name":"Božena","Gender":1,"Origin":"Slavensko"},{"Name":"Božica","Gender":1,"Origin":"Slavensko"},{"Name":"Božidarka","Gender":1,"Origin":"Slavensko"},{"Name":"Branimira","Gender":1,"Origin":"Slavensko"},{"Name":"Branka","Gender":1,"Origin":"Slavensko"},{"Name":"Buga","Gender":1,"Origin":"Slavensko"},{"Name":"Cvita","Gender":1,"Origin":"Slavensko"},{"Name":"Cvijeta","Gender":1,"Origin":"Slavensko"},{"Name":"Čedna","Gender":1,"Origin":"Slavensko"},{"Name":"Danica","Gender":1,"Origin":"Slavensko"},{"Name":"Davorka","Gender":1,"Origin":"Slavensko"},{"Name":"Divna","Gender":1,"Origin":"Slavensko"},{"Name":"Dragana","Gender":1,"Origin":"Slavensko"},{"Name":"Dragica","Gender":1,"Origin":"Slavensko"},{"Name":"Draženka","Gender":1,"Origin":"Slavensko"},{"Name":"Dubravka","Gender":1,"Origin":"Slavensko"},{"Name":"Dunja","Gender":1,"Origin":"Slavensko"},{"Name":"Hrvatina","Gender":1,"Origin":"Slavensko"},{"Name":"Hrvoja","Gender":1,"Origin":"Slavensko"},{"Name":"Hrvojka","Gender":1,"Origin":"Slavensko"},{"Name":"Jasenka","Gender":1,"Origin":"Slavensko"},{"Name":"Jasna","Gender":1,"Origin":"Slavensko"},{"Name":"Ljuba","Gender":1,"Origin":"Slavensko"},{"Name":"Ljubica","Gender":1,"Origin":"Slavensko"},{"Name":"Mila","Gender":1,"Origin":"Slavensko"},{"Name":"Milica","Gender":1,"Origin":"Slavensko"},{"Name":"Miljenka","Gender":1,"Origin":"Slavensko"},{"Name":"Mislava","Gender":1,"Origin":"Slavensko"},{"Name":"Mira","Gender":1,"Origin":"Slavensko"},{"Name":"Mirka","Gender":1,"Origin":"Slavensko"},{"Name":"Mirna","Gender":1,"Origin":"Slavensko"},{"Name":"Mojmira","Gender":1,"Origin":"Slavensko"},{"Name":"Morana","Gender":1,"Origin":"Slavensko"},{"Name":"Nada","Gender":1,"Origin":"Slavensko"},{"Name":"Neda","Gender":1,"Origin":"Slavensko"},{"Name":"Nediljka","Gender":1,"Origin":"Slavensko"},{"Name":"Nevenka","Gender":1,"Origin":"Slavensko"},{"Name":"Ognjenka","Gender":1,"Origin":"Slavensko"},{"Name":"Ranka","Gender":1,"Origin":"Slavensko"},{"Name":"Rašeljka","Gender":1,"Origin":"Slavensko"},{"Name":"Ratka","Gender":1,"Origin":"Slavensko"},{"Name":"Ruža","Gender":1,"Origin":"Slavensko"},{"Name":"Ružica","Gender":1,"Origin":"Slavensko"},{"Name":"Sanja","Gender":1,"Origin":"Slavensko"},{"Name":"Slava","Gender":1,"Origin":"Slavensko"},{"Name":"Slavica","Gender":1,"Origin":"Slavensko"},{"Name":"Slavenka","Gender":1,"Origin":"Slavensko"},{"Name":"Smiljana","Gender":1,"Origin":"Slavensko"},{"Name":"Spomenka","Gender":1,"Origin":"Slavensko"},{"Name":"Srebrenka","Gender":1,"Origin":"Slavensko"},{"Name":"Stanislava","Gender":1,"Origin":"Slavensko"},{"Name":"Stana","Gender":1,"Origin":"Slavensko"},{"Name":"Stanka","Gender":1,"Origin":"Slavensko"},{"Name":"Snješka","Gender":1,"Origin":"Slavensko"},{"Name":"Snježana","Gender":1,"Origin":"Slavensko"},{"Name":"Sunčana","Gender":1,"Origin":"Slavensko"},{"Name":"Sunčica","Gender":1,"Origin":"Slavensko"},{"Name":"Svitlana","Gender":1,"Origin":"Slavensko"},{"Name":"Svjetlana","Gender":1,"Origin":"Slavensko"},{"Name":"Tjeha","Gender":1,"Origin":"Slavensko"},{"Name":"Tihana","Gender":1,"Origin":"Slavensko"},{"Name":"Tihomila","Gender":1,"Origin":"Slavensko"},{"Name":"Tuga","Gender":1,"Origin":"Slavensko"},{"Name":"Vedrana","Gender":1,"Origin":"Slavensko"},{"Name":"Vera","Gender":1,"Origin":"Slavensko"},{"Name":"Verica","Gender":1,"Origin":"Slavensko"},{"Name":"Vjera","Gender":1,"Origin":"Slavensko"},{"Name":"Vesna","Gender":1,"Origin":"Slavensko"},{"Name":"Vjekoslava","Gender":1,"Origin":"Slavensko"},{"Name":"Vlasta","Gender":1,"Origin":"Slavensko"},{"Name":"Vlatka","Gender":1,"Origin":"Slavensko"},{"Name":"Zdenka","Gender":1,"Origin":"Slavensko"},{"Name":"Zlata","Gender":1,"Origin":"Slavensko"},{"Name":"Zora","Gender":1,"Origin":"Slavensko"},{"Name":"Zorica","Gender":1,"Origin":"Slavensko"},{"Name":"Zorka","Gender":1,"Origin":"Slavensko"},{"Name":"Zrinka","Gender":1,"Origin":"Slavensko"},{"Name":"Zrina","Gender":1,"Origin":"Slavensko"},{"Name":"Zvjezdana","Gender":1,"Origin":"Slavensko"},{"Name":"Zvonimira","Gender":1,"Origin":"Slavensko"},{"Name":"Zvonka","Gender":1,"Origin":"Slavensko"},{"Name":"Željka","Gender":1,"Origin":"Slavensko"},{"Name":"Živka","Gender":1,"Origin":"Slavensko"},{"Name":"Ante","Gender":0,"Origin":"Drugo"},{"Name":"Antun","Gender":0,"Origin":"Drugo"},{"Name":"Andrija","Gender":0,"Origin":"Drugo"},{"Name":"David","Gender":0,"Origin":"Drugo"},{"Name":"Dominik","Gender":0,"Origin":"Drugo"},{"Name":"Grgur","Gender":0,"Origin":"Drugo"},{"Name":"Ilija","Gender":0,"Origin":"Drugo"},{"Name":"Ivan","Gender":0,"Origin":"Drugo"},{"Name":"Jakov","Gender":0,"Origin":"Drugo"},{"Name":"Josip","Gender":0,"Origin":"Drugo"},{"Name":"Juraj","Gender":0,"Origin":"Drugo"},{"Name":"Luka","Gender":0,"Origin":"Drugo"},{"Name":"Marko","Gender":0,"Origin":"Drugo"},{"Name":"Matej","Gender":0,"Origin":"Drugo"},{"Name":"Luka","Gender":0,"Origin":"Drugo"},{"Name":"Pavao","Gender":0,"Origin":"Drugo"},{"Name":"Petar","Gender":0,"Origin":"Drugo"},{"Name":"Pero","Gender":0,"Origin":"Drugo"},{"Name":"Silvestar","Gender":0,"Origin":"Drugo"},{"Name":"Šimun","Gender":0,"Origin":"Drugo"},{"Name":"Stjepan","Gender":0,"Origin":"Drugo"},{"Name":"Denis","Gender":0,"Origin":"Drugo"},{"Name":"Karlo","Gender":0,"Origin":"Drugo"},{"Name":"Mario","Gender":0,"Origin":"Drugo"},{"Name":"Robert","Gender":0,"Origin":"Drugo"},{"Name":"Vanja","Gender":0,"Origin":"Drugo"},{"Name":"Viktor","Gender":0,"Origin":"Drugo"},{"Name":"Ana","Gender":1,"Origin":"Drugo"},{"Name":"Katarina","Gender":1,"Origin":"Drugo"},{"Name":"Marija","Gender":1,"Origin":"Drugo"},{"Name":"Dora","Gender":1,"Origin":"Drugo"},{"Name":"Nataša","Gender":1,"Origin":"Drugo"},{"Name":"Vanja","Gender":1,"Origin":"Drugo"},{"Name":"Dolores","Gender":1,"Origin":"Drugo"},{"Name":"Ines","Gender":1,"Origin":"Drugo"},{"Name":"Nives","Gender":1,"Origin":"Drugo"},{"Name":"Doris","Gender":1,"Origin":"Drugo"}]